<?xml version="1.0" encoding="UTF-8" standalone="yes"?>
<ns2:ExportManifest xmlns:ns2="http://www.pentaho.com/schema/">
    <ExportManifestInformation exportDate="15-12-2024 08:05:01 CET" exportBy="alumnogreibd" rootFolder="/home/alumnogreibd/" manifestVersion="2"/>
    <ExportManifestEntity path="CuadroMando.wcdf">
        <ExportManifestProperty>
            <EntityMetaData name="CuadroMando.wcdf" createdDate="2024-12-15T13:16:07.438+01:00" isFolder="false" path="CuadroMando.wcdf" isHidden="false" isSchedulable="true" locale="en_US" description="CuadroMandoCMG" title="CuadroMando"/>
        </ExportManifestProperty>
        <ExportManifestProperty>
            <EntityExtraMetaData/>
        </ExportManifestProperty>
        <ExportManifestProperty>
            <EntityAcl>
                <entriesInheriting>true</entriesInheriting>
                <owner>alumnogreibd</owner>
                <ownerType>USER</ownerType>
            </EntityAcl>
        </ExportManifestProperty>
    </ExportManifestEntity>
</ns2:ExportManifest>
